baseline,gumbel,dataset,representation_dim,batch_size,vocab_size,message_length,message_length_tt,num_pretrain_epochs,num_dialogue_epochs,learning_rate_phase1,learning_rate_phase2_a,learning_rate_phase2_b,agent_a_training_mode,dataset_tt,test_time_mode,num_iterations,learning_rate_tt,sampling_temperature_tt,best_of_n,number_of_candidates,num_test_classes,commitment_weight,sampling_temperature,tau_0,freeze_codebook,decay,entropy_regularization_factor,contrastive_loss_temperature,sim,pretrained_checkpoint_a,pretrained_checkpoint_b,dialogued_checkpoint,metric_path,seed
False,False,genome,2048,32,10,[2 3 4],4,50,50,1e-4,1e-4,1e-4,frozen,genome_complex_batch,dataset_adaptation,30,1e-5,1e-2,10,100,50,0.25,1e-5,0.1,True,0.99,0,0.01,cosine,20260926_1936_bs32_vocab10_repr2048_msg_len4_msg_len_tt4_lr1_0.0001_lr2a_0.0001_lr2b_0.0001_decay0.99_modefrozen_temp1e-05_ent0_cand100_contr0.01_seed1,None,pretrained_checkpoint_a,None,1
False,False,genome,2048,32,10,[2 3 4],4,50,50,1e-4,1e-4,1e-4,frozen,genome_complex_batch,dataset_adaptation,30,1e-5,1e-2,10,100,50,0.25,1e-5,0.1,True,0.99,0,0.01,cosine,20260926_2021_bs32_vocab10_repr2048_msg_len4_msg_len_tt4_lr1_0.0001_lr2a_0.0001_lr2b_0.0001_decay0.99_modefrozen_temp1e-05_ent0_cand100_contr0.01_seed2,None,pretrained_checkpoint_a,None,2
False,False,genome,2048,32,10,[2 3 4],4,50,50,1e-4,1e-4,1e-4,frozen,genome_complex_batch,dataset_adaptation,30,1e-5,1e-2,10,100,50,0.25,1e-5,0.1,True,0.99,0,0.01,cosine,20260926_2043_bs32_vocab10_repr2048_msg_len4_msg_len_tt4_lr1_0.0001_lr2a_0.0001_lr2b_0.0001_decay0.99_modefrozen_temp1e-05_ent0_cand100_contr0.01_seed3,None,pretrained_checkpoint_a,None,3
False,False,genome,2048,32,10,[2 3 4],5,50,50,1e-4,1e-4,1e-4,frozen,genome_complex_batch,dataset_adaptation,30,1e-5,1e-2,10,100,50,0.25,1e-5,0.1,True,0.99,0,0.01,cosine,20260926_1936_bs32_vocab10_repr2048_msg_len4_msg_len_tt4_lr1_0.0001_lr2a_0.0001_lr2b_0.0001_decay0.99_modefrozen_temp1e-05_ent0_cand100_contr0.01_seed1,None,pretrained_checkpoint_a,None,1
False,False,genome,2048,32,10,[2 3 4],5,50,50,1e-4,1e-4,1e-4,frozen,genome_complex_batch,dataset_adaptation,30,1e-5,1e-2,10,100,50,0.25,1e-5,0.1,True,0.99,0,0.01,cosine,20260926_2021_bs32_vocab10_repr2048_msg_len4_msg_len_tt4_lr1_0.0001_lr2a_0.0001_lr2b_0.0001_decay0.99_modefrozen_temp1e-05_ent0_cand100_contr0.01_seed2,None,pretrained_checkpoint_a,None,2
False,False,genome,2048,32,10,[2 3 4],5,50,50,1e-4,1e-4,1e-4,frozen,genome_complex_batch,dataset_adaptation,30,1e-5,1e-2,10,100,50,0.25,1e-5,0.1,True,0.99,0,0.01,cosine,20260926_2043_bs32_vocab10_repr2048_msg_len4_msg_len_tt4_lr1_0.0001_lr2a_0.0001_lr2b_0.0001_decay0.99_modefrozen_temp1e-05_ent0_cand100_contr0.01_seed3,None,pretrained_checkpoint_a,None,3
False,False,genome,2048,32,10,[2 3 4],6,50,50,1e-4,1e-4,1e-4,frozen,genome_complex_batch,dataset_adaptation,30,1e-5,1e-2,10,100,50,0.25,1e-5,0.1,True,0.99,0,0.01,cosine,20260926_1936_bs32_vocab10_repr2048_msg_len4_msg_len_tt4_lr1_0.0001_lr2a_0.0001_lr2b_0.0001_decay0.99_modefrozen_temp1e-05_ent0_cand100_contr0.01_seed1,None,pretrained_checkpoint_a,None,1
False,False,genome,2048,32,10,[2 3 4],6,50,50,1e-4,1e-4,1e-4,frozen,genome_complex_batch,dataset_adaptation,30,1e-5,1e-2,10,100,50,0.25,1e-5,0.1,True,0.99,0,0.01,cosine,20260926_2021_bs32_vocab10_repr2048_msg_len4_msg_len_tt4_lr1_0.0001_lr2a_0.0001_lr2b_0.0001_decay0.99_modefrozen_temp1e-05_ent0_cand100_contr0.01_seed2,None,pretrained_checkpoint_a,None,2
False,False,genome,2048,32,10,[2 3 4],6,50,50,1e-4,1e-4,1e-4,frozen,genome_complex_batch,dataset_adaptation,30,1e-5,1e-2,10,100,50,0.25,1e-5,0.1,True,0.99,0,0.01,cosine,20260926_2043_bs32_vocab10_repr2048_msg_len4_msg_len_tt4_lr1_0.0001_lr2a_0.0001_lr2b_0.0001_decay0.99_modefrozen_temp1e-05_ent0_cand100_contr0.01_seed3,None,pretrained_checkpoint_a,None,3
False,False,genome,2048,32,10,[2 3 4],7,50,50,1e-4,1e-4,1e-4,frozen,genome_complex_batch,dataset_adaptation,30,1e-5,1e-2,10,100,50,0.25,1e-5,0.1,True,0.99,0,0.01,cosine,20260926_1936_bs32_vocab10_repr2048_msg_len4_msg_len_tt4_lr1_0.0001_lr2a_0.0001_lr2b_0.0001_decay0.99_modefrozen_temp1e-05_ent0_cand100_contr0.01_seed1,None,pretrained_checkpoint_a,None,1
False,False,genome,2048,32,10,[2 3 4],7,50,50,1e-4,1e-4,1e-4,frozen,genome_complex_batch,dataset_adaptation,30,1e-5,1e-2,10,100,50,0.25,1e-5,0.1,True,0.99,0,0.01,cosine,20260926_2021_bs32_vocab10_repr2048_msg_len4_msg_len_tt4_lr1_0.0001_lr2a_0.0001_lr2b_0.0001_decay0.99_modefrozen_temp1e-05_ent0_cand100_contr0.01_seed2,None,pretrained_checkpoint_a,None,2
False,False,genome,2048,32,10,[2 3 4],7,50,50,1e-4,1e-4,1e-4,frozen,genome_complex_batch,dataset_adaptation,30,1e-5,1e-2,10,100,50,0.25,1e-5,0.1,True,0.99,0,0.01,cosine,20260926_2043_bs32_vocab10_repr2048_msg_len4_msg_len_tt4_lr1_0.0001_lr2a_0.0001_lr2b_0.0001_decay0.99_modefrozen_temp1e-05_ent0_cand100_contr0.01_seed3,None,pretrained_checkpoint_a,None,3
False,False,genome,2048,32,10,[2 3 4],8,50,50,1e-4,1e-4,1e-4,frozen,genome_complex_batch,dataset_adaptation,30,1e-5,1e-2,10,100,50,0.25,1e-5,0.1,True,0.99,0,0.01,cosine,20260926_1936_bs32_vocab10_repr2048_msg_len4_msg_len_tt4_lr1_0.0001_lr2a_0.0001_lr2b_0.0001_decay0.99_modefrozen_temp1e-05_ent0_cand100_contr0.01_seed1,None,pretrained_checkpoint_a,None,1
False,False,genome,2048,32,10,[2 3 4],8,50,50,1e-4,1e-4,1e-4,frozen,genome_complex_batch,dataset_adaptation,30,1e-5,1e-2,10,100,50,0.25,1e-5,0.1,True,0.99,0,0.01,cosine,20260926_2021_bs32_vocab10_repr2048_msg_len4_msg_len_tt4_lr1_0.0001_lr2a_0.0001_lr2b_0.0001_decay0.99_modefrozen_temp1e-05_ent0_cand100_contr0.01_seed2,None,pretrained_checkpoint_a,None,2
False,False,genome,2048,32,10,[2 3 4],8,50,50,1e-4,1e-4,1e-4,frozen,genome_complex_batch,dataset_adaptation,30,1e-5,1e-2,10,100,50,0.25,1e-5,0.1,True,0.99,0,0.01,cosine,20260926_2043_bs32_vocab10_repr2048_msg_len4_msg_len_tt4_lr1_0.0001_lr2a_0.0001_lr2b_0.0001_decay0.99_modefrozen_temp1e-05_ent0_cand100_contr0.01_seed3,None,pretrained_checkpoint_a,None,3
False,False,genome,2048,32,10,[2 3 4],9,50,50,1e-4,1e-4,1e-4,frozen,genome_complex_batch,dataset_adaptation,30,1e-5,1e-2,10,100,50,0.25,1e-5,0.1,True,0.99,0,0.01,cosine,20260926_1936_bs32_vocab10_repr2048_msg_len4_msg_len_tt4_lr1_0.0001_lr2a_0.0001_lr2b_0.0001_decay0.99_modefrozen_temp1e-05_ent0_cand100_contr0.01_seed1,None,pretrained_checkpoint_a,None,1
False,False,genome,2048,32,10,[2 3 4],9,50,50,1e-4,1e-4,1e-4,frozen,genome_complex_batch,dataset_adaptation,30,1e-5,1e-2,10,100,50,0.25,1e-5,0.1,True,0.99,0,0.01,cosine,20260926_2021_bs32_vocab10_repr2048_msg_len4_msg_len_tt4_lr1_0.0001_lr2a_0.0001_lr2b_0.0001_decay0.99_modefrozen_temp1e-05_ent0_cand100_contr0.01_seed2,None,pretrained_checkpoint_a,None,2
False,False,genome,2048,32,10,[2 3 4],9,50,50,1e-4,1e-4,1e-4,frozen,genome_complex_batch,dataset_adaptation,30,1e-5,1e-2,10,100,50,0.25,1e-5,0.1,True,0.99,0,0.01,cosine,20260926_2043_bs32_vocab10_repr2048_msg_len4_msg_len_tt4_lr1_0.0001_lr2a_0.0001_lr2b_0.0001_decay0.99_modefrozen_temp1e-05_ent0_cand100_contr0.01_seed3,None,pretrained_checkpoint_a,None,3
False,False,genome,2048,32,10,[2 3 4],10,50,50,1e-4,1e-4,1e-4,frozen,genome_complex_batch,dataset_adaptation,30,1e-5,1e-2,10,100,50,0.25,1e-5,0.1,True,0.99,0,0.01,cosine,20260926_1936_bs32_vocab10_repr2048_msg_len4_msg_len_tt4_lr1_0.0001_lr2a_0.0001_lr2b_0.0001_decay0.99_modefrozen_temp1e-05_ent0_cand100_contr0.01_seed1,None,pretrained_checkpoint_a,None,1
False,False,genome,2048,32,10,[2 3 4],10,50,50,1e-4,1e-4,1e-4,frozen,genome_complex_batch,dataset_adaptation,30,1e-5,1e-2,10,100,50,0.25,1e-5,0.1,True,0.99,0,0.01,cosine,20260926_2021_bs32_vocab10_repr2048_msg_len4_msg_len_tt4_lr1_0.0001_lr2a_0.0001_lr2b_0.0001_decay0.99_modefrozen_temp1e-05_ent0_cand100_contr0.01_seed2,None,pretrained_checkpoint_a,None,2
False,False,genome,2048,32,10,[2 3 4],10,50,50,1e-4,1e-4,1e-4,frozen,genome_complex_batch,dataset_adaptation,30,1e-5,1e-2,10,100,50,0.25,1e-5,0.1,True,0.99,0,0.01,cosine,20260926_2043_bs32_vocab10_repr2048_msg_len4_msg_len_tt4_lr1_0.0001_lr2a_0.0001_lr2b_0.0001_decay0.99_modefrozen_temp1e-05_ent0_cand100_contr0.01_seed3,None,pretrained_checkpoint_a,None,3
False,False,genome,2048,32,10,[2 3 4],11,50,50,1e-4,1e-4,1e-4,frozen,genome_complex_batch,dataset_adaptation,30,1e-5,1e-2,10,100,50,0.25,1e-5,0.1,True,0.99,0,0.01,cosine,20260926_1936_bs32_vocab10_repr2048_msg_len4_msg_len_tt4_lr1_0.0001_lr2a_0.0001_lr2b_0.0001_decay0.99_modefrozen_temp1e-05_ent0_cand100_contr0.01_seed1,None,pretrained_checkpoint_a,None,1
False,False,genome,2048,32,10,[2 3 4],11,50,50,1e-4,1e-4,1e-4,frozen,genome_complex_batch,dataset_adaptation,30,1e-5,1e-2,10,100,50,0.25,1e-5,0.1,True,0.99,0,0.01,cosine,20260926_2021_bs32_vocab10_repr2048_msg_len4_msg_len_tt4_lr1_0.0001_lr2a_0.0001_lr2b_0.0001_decay0.99_modefrozen_temp1e-05_ent0_cand100_contr0.01_seed2,None,pretrained_checkpoint_a,None,2
False,False,genome,2048,32,10,[2 3 4],11,50,50,1e-4,1e-4,1e-4,frozen,genome_complex_batch,dataset_adaptation,30,1e-5,1e-2,10,100,50,0.25,1e-5,0.1,True,0.99,0,0.01,cosine,20260926_2043_bs32_vocab10_repr2048_msg_len4_msg_len_tt4_lr1_0.0001_lr2a_0.0001_lr2b_0.0001_decay0.99_modefrozen_temp1e-05_ent0_cand100_contr0.01_seed3,None,pretrained_checkpoint_a,None,3
False,False,genome,2048,32,10,[2 3 4],12,50,50,1e-4,1e-4,1e-4,frozen,genome_complex_batch,dataset_adaptation,30,1e-5,1e-2,10,100,50,0.25,1e-5,0.1,True,0.99,0,0.01,cosine,20260926_1936_bs32_vocab10_repr2048_msg_len4_msg_len_tt4_lr1_0.0001_lr2a_0.0001_lr2b_0.0001_decay0.99_modefrozen_temp1e-05_ent0_cand100_contr0.01_seed1,None,pretrained_checkpoint_a,None,1
False,False,genome,2048,32,10,[2 3 4],12,50,50,1e-4,1e-4,1e-4,frozen,genome_complex_batch,dataset_adaptation,30,1e-5,1e-2,10,100,50,0.25,1e-5,0.1,True,0.99,0,0.01,cosine,20260926_2021_bs32_vocab10_repr2048_msg_len4_msg_len_tt4_lr1_0.0001_lr2a_0.0001_lr2b_0.0001_decay0.99_modefrozen_temp1e-05_ent0_cand100_contr0.01_seed2,None,pretrained_checkpoint_a,None,2
False,False,genome,2048,32,10,[2 3 4],12,50,50,1e-4,1e-4,1e-4,frozen,genome_complex_batch,dataset_adaptation,30,1e-5,1e-2,10,100,50,0.25,1e-5,0.1,True,0.99,0,0.01,cosine,20260926_2043_bs32_vocab10_repr2048_msg_len4_msg_len_tt4_lr1_0.0001_lr2a_0.0001_lr2b_0.0001_decay0.99_modefrozen_temp1e-05_ent0_cand100_contr0.01_seed3,None,pretrained_checkpoint_a,None,3
False,False,genome,2048,32,10,[2 3 4],13,50,50,1e-4,1e-4,1e-4,frozen,genome_complex_batch,dataset_adaptation,30,1e-5,1e-2,10,100,50,0.25,1e-5,0.1,True,0.99,0,0.01,cosine,20260926_1936_bs32_vocab10_repr2048_msg_len4_msg_len_tt4_lr1_0.0001_lr2a_0.0001_lr2b_0.0001_decay0.99_modefrozen_temp1e-05_ent0_cand100_contr0.01_seed1,None,pretrained_checkpoint_a,None,1
False,False,genome,2048,32,10,[2 3 4],13,50,50,1e-4,1e-4,1e-4,frozen,genome_complex_batch,dataset_adaptation,30,1e-5,1e-2,10,100,50,0.25,1e-5,0.1,True,0.99,0,0.01,cosine,20260926_2021_bs32_vocab10_repr2048_msg_len4_msg_len_tt4_lr1_0.0001_lr2a_0.0001_lr2b_0.0001_decay0.99_modefrozen_temp1e-05_ent0_cand100_contr0.01_seed2,None,pretrained_checkpoint_a,None,2
False,False,genome,2048,32,10,[2 3 4],13,50,50,1e-4,1e-4,1e-4,frozen,genome_complex_batch,dataset_adaptation,30,1e-5,1e-2,10,100,50,0.25,1e-5,0.1,True,0.99,0,0.01,cosine,20260926_2043_bs32_vocab10_repr2048_msg_len4_msg_len_tt4_lr1_0.0001_lr2a_0.0001_lr2b_0.0001_decay0.99_modefrozen_temp1e-05_ent0_cand100_contr0.01_seed3,None,pretrained_checkpoint_a,None,3
False,False,genome,2048,32,10,[2 3 4],14,50,50,1e-4,1e-4,1e-4,frozen,genome_complex_batch,dataset_adaptation,30,1e-5,1e-2,10,100,50,0.25,1e-5,0.1,True,0.99,0,0.01,cosine,20260926_1936_bs32_vocab10_repr2048_msg_len4_msg_len_tt4_lr1_0.0001_lr2a_0.0001_lr2b_0.0001_decay0.99_modefrozen_temp1e-05_ent0_cand100_contr0.01_seed1,None,pretrained_checkpoint_a,None,1
False,False,genome,2048,32,10,[2 3 4],14,50,50,1e-4,1e-4,1e-4,frozen,genome_complex_batch,dataset_adaptation,30,1e-5,1e-2,10,100,50,0.25,1e-5,0.1,True,0.99,0,0.01,cosine,20260926_2021_bs32_vocab10_repr2048_msg_len4_msg_len_tt4_lr1_0.0001_lr2a_0.0001_lr2b_0.0001_decay0.99_modefrozen_temp1e-05_ent0_cand100_contr0.01_seed2,None,pretrained_checkpoint_a,None,2
False,False,genome,2048,32,10,[2 3 4],14,50,50,1e-4,1e-4,1e-4,frozen,genome_complex_batch,dataset_adaptation,30,1e-5,1e-2,10,100,50,0.25,1e-5,0.1,True,0.99,0,0.01,cosine,20260926_2043_bs32_vocab10_repr2048_msg_len4_msg_len_tt4_lr1_0.0001_lr2a_0.0001_lr2b_0.0001_decay0.99_modefrozen_temp1e-05_ent0_cand100_contr0.01_seed3,None,pretrained_checkpoint_a,None,3
False,False,genome,2048,32,10,[2 3 4],15,50,50,1e-4,1e-4,1e-4,frozen,genome_complex_batch,dataset_adaptation,30,1e-5,1e-2,10,100,50,0.25,1e-5,0.1,True,0.99,0,0.01,cosine,20260926_1936_bs32_vocab10_repr2048_msg_len4_msg_len_tt4_lr1_0.0001_lr2a_0.0001_lr2b_0.0001_decay0.99_modefrozen_temp1e-05_ent0_cand100_contr0.01_seed1,None,pretrained_checkpoint_a,None,1
False,False,genome,2048,32,10,[2 3 4],15,50,50,1e-4,1e-4,1e-4,frozen,genome_complex_batch,dataset_adaptation,30,1e-5,1e-2,10,100,50,0.25,1e-5,0.1,True,0.99,0,0.01,cosine,20260926_2021_bs32_vocab10_repr2048_msg_len4_msg_len_tt4_lr1_0.0001_lr2a_0.0001_lr2b_0.0001_decay0.99_modefrozen_temp1e-05_ent0_cand100_contr0.01_seed2,None,pretrained_checkpoint_a,None,2
False,False,genome,2048,32,10,[2 3 4],15,50,50,1e-4,1e-4,1e-4,frozen,genome_complex_batch,dataset_adaptation,30,1e-5,1e-2,10,100,50,0.25,1e-5,0.1,True,0.99,0,0.01,cosine,20260926_2043_bs32_vocab10_repr2048_msg_len4_msg_len_tt4_lr1_0.0001_lr2a_0.0001_lr2b_0.0001_decay0.99_modefrozen_temp1e-05_ent0_cand100_contr0.01_seed3,None,pretrained_checkpoint_a,None,3
True,True,genome,2048,32,10,[2 3 4],4,50,100,1e-5,1e-5,1e-5,frozen,genome_complex_batch,oracle_adaptation,20,1e-4,1e-2,10,100,50,0.25,1e-5,0.2,True,0.99,0,0.01,cosine,None,None,20260927_0116_bs32_vocab10_repr2048_msg_len4_msg_len_tt4_lr1_1e-05_lr2a_1e-05_lr2b_1e-05_decay0.99_modefrozen_temp1e-05_ent0_cand100_contr0.01_seed1,None,1
True,True,genome,2048,32,10,[2 3 4],4,50,100,1e-5,1e-5,1e-5,frozen,genome_complex_batch,oracle_adaptation,20,1e-4,1e-2,10,100,50,0.25,1e-5,0.1,True,0.99,0,0.01,cosine,None,None,20260927_0031_bs32_vocab10_repr2048_msg_len4_msg_len_tt4_lr1_1e-05_lr2a_1e-05_lr2b_1e-05_decay0.99_modefrozen_temp1e-05_ent0_cand100_contr0.01_seed2,None,2
True,True,genome,2048,32,10,[2 3 4],4,50,100,1e-5,1e-5,1e-5,frozen,genome_complex_batch,oracle_adaptation,20,1e-4,1e-2,10,100,50,0.25,1e-5,0.1,True,0.99,0,0.01,cosine,None,None,20260927_0053_bs32_vocab10_repr2048_msg_len4_msg_len_tt4_lr1_1e-05_lr2a_1e-05_lr2b_1e-05_decay0.99_modefrozen_temp1e-05_ent0_cand100_contr0.01_seed3,None,3
True,True,genome,2048,32,10,[2 3 4],5,50,100,1e-5,1e-5,1e-5,frozen,genome_complex_batch,oracle_adaptation,20,1e-4,1e-2,10,100,50,0.25,1e-5,0.2,True,0.99,0,0.01,cosine,None,None,20260927_0116_bs32_vocab10_repr2048_msg_len4_msg_len_tt4_lr1_1e-05_lr2a_1e-05_lr2b_1e-05_decay0.99_modefrozen_temp1e-05_ent0_cand100_contr0.01_seed1,None,1
True,True,genome,2048,32,10,[2 3 4],5,50,100,1e-5,1e-5,1e-5,frozen,genome_complex_batch,oracle_adaptation,20,1e-4,1e-2,10,100,50,0.25,1e-5,0.1,True,0.99,0,0.01,cosine,None,None,20260927_0031_bs32_vocab10_repr2048_msg_len4_msg_len_tt4_lr1_1e-05_lr2a_1e-05_lr2b_1e-05_decay0.99_modefrozen_temp1e-05_ent0_cand100_contr0.01_seed2,None,2
True,True,genome,2048,32,10,[2 3 4],5,50,100,1e-5,1e-5,1e-5,frozen,genome_complex_batch,oracle_adaptation,20,1e-4,1e-2,10,100,50,0.25,1e-5,0.1,True,0.99,0,0.01,cosine,None,None,20260927_0053_bs32_vocab10_repr2048_msg_len4_msg_len_tt4_lr1_1e-05_lr2a_1e-05_lr2b_1e-05_decay0.99_modefrozen_temp1e-05_ent0_cand100_contr0.01_seed3,None,3
True,True,genome,2048,32,10,[2 3 4],6,50,100,1e-5,1e-5,1e-5,frozen,genome_complex_batch,oracle_adaptation,20,1e-4,1e-2,10,100,50,0.25,1e-5,0.2,True,0.99,0,0.01,cosine,None,None,20260927_0116_bs32_vocab10_repr2048_msg_len4_msg_len_tt4_lr1_1e-05_lr2a_1e-05_lr2b_1e-05_decay0.99_modefrozen_temp1e-05_ent0_cand100_contr0.01_seed1,None,1
True,True,genome,2048,32,10,[2 3 4],6,50,100,1e-5,1e-5,1e-5,frozen,genome_complex_batch,oracle_adaptation,20,1e-4,1e-2,10,100,50,0.25,1e-5,0.1,True,0.99,0,0.01,cosine,None,None,20260927_0031_bs32_vocab10_repr2048_msg_len4_msg_len_tt4_lr1_1e-05_lr2a_1e-05_lr2b_1e-05_decay0.99_modefrozen_temp1e-05_ent0_cand100_contr0.01_seed2,None,2
True,True,genome,2048,32,10,[2 3 4],6,50,100,1e-5,1e-5,1e-5,frozen,genome_complex_batch,oracle_adaptation,20,1e-4,1e-2,10,100,50,0.25,1e-5,0.1,True,0.99,0,0.01,cosine,None,None,20260927_0053_bs32_vocab10_repr2048_msg_len4_msg_len_tt4_lr1_1e-05_lr2a_1e-05_lr2b_1e-05_decay0.99_modefrozen_temp1e-05_ent0_cand100_contr0.01_seed3,None,3
True,True,genome,2048,32,10,[2 3 4],7,50,100,1e-5,1e-5,1e-5,frozen,genome_complex_batch,oracle_adaptation,20,1e-4,1e-2,10,100,50,0.25,1e-5,0.2,True,0.99,0,0.01,cosine,None,None,20260927_0116_bs32_vocab10_repr2048_msg_len4_msg_len_tt4_lr1_1e-05_lr2a_1e-05_lr2b_1e-05_decay0.99_modefrozen_temp1e-05_ent0_cand100_contr0.01_seed1,None,1
True,True,genome,2048,32,10,[2 3 4],7,50,100,1e-5,1e-5,1e-5,frozen,genome_complex_batch,oracle_adaptation,20,1e-4,1e-2,10,100,50,0.25,1e-5,0.1,True,0.99,0,0.01,cosine,None,None,20260927_0031_bs32_vocab10_repr2048_msg_len4_msg_len_tt4_lr1_1e-05_lr2a_1e-05_lr2b_1e-05_decay0.99_modefrozen_temp1e-05_ent0_cand100_contr0.01_seed2,None,2
True,True,genome,2048,32,10,[2 3 4],7,50,100,1e-5,1e-5,1e-5,frozen,genome_complex_batch,oracle_adaptation,20,1e-4,1e-2,10,100,50,0.25,1e-5,0.1,True,0.99,0,0.01,cosine,None,None,20260927_0053_bs32_vocab10_repr2048_msg_len4_msg_len_tt4_lr1_1e-05_lr2a_1e-05_lr2b_1e-05_decay0.99_modefrozen_temp1e-05_ent0_cand100_contr0.01_seed3,None,3
True,True,genome,2048,32,10,[2 3 4],8,50,100,1e-5,1e-5,1e-5,frozen,genome_complex_batch,oracle_adaptation,20,1e-4,1e-2,10,100,50,0.25,1e-5,0.2,True,0.99,0,0.01,cosine,None,None,20260927_0116_bs32_vocab10_repr2048_msg_len4_msg_len_tt4_lr1_1e-05_lr2a_1e-05_lr2b_1e-05_decay0.99_modefrozen_temp1e-05_ent0_cand100_contr0.01_seed1,None,1
True,True,genome,2048,32,10,[2 3 4],8,50,100,1e-5,1e-5,1e-5,frozen,genome_complex_batch,oracle_adaptation,20,1e-4,1e-2,10,100,50,0.25,1e-5,0.1,True,0.99,0,0.01,cosine,None,None,20260927_0031_bs32_vocab10_repr2048_msg_len4_msg_len_tt4_lr1_1e-05_lr2a_1e-05_lr2b_1e-05_decay0.99_modefrozen_temp1e-05_ent0_cand100_contr0.01_seed2,None,2
True,True,genome,2048,32,10,[2 3 4],8,50,100,1e-5,1e-5,1e-5,frozen,genome_complex_batch,oracle_adaptation,20,1e-4,1e-2,10,100,50,0.25,1e-5,0.1,True,0.99,0,0.01,cosine,None,None,20260927_0053_bs32_vocab10_repr2048_msg_len4_msg_len_tt4_lr1_1e-05_lr2a_1e-05_lr2b_1e-05_decay0.99_modefrozen_temp1e-05_ent0_cand100_contr0.01_seed3,None,3
True,True,genome,2048,32,10,[2 3 4],9,50,100,1e-5,1e-5,1e-5,frozen,genome_complex_batch,oracle_adaptation,20,1e-4,1e-2,10,100,50,0.25,1e-5,0.2,True,0.99,0,0.01,cosine,None,None,20260927_0116_bs32_vocab10_repr2048_msg_len4_msg_len_tt4_lr1_1e-05_lr2a_1e-05_lr2b_1e-05_decay0.99_modefrozen_temp1e-05_ent0_cand100_contr0.01_seed1,None,1
True,True,genome,2048,32,10,[2 3 4],9,50,100,1e-5,1e-5,1e-5,frozen,genome_complex_batch,oracle_adaptation,20,1e-4,1e-2,10,100,50,0.25,1e-5,0.1,True,0.99,0,0.01,cosine,None,None,20260927_0031_bs32_vocab10_repr2048_msg_len4_msg_len_tt4_lr1_1e-05_lr2a_1e-05_lr2b_1e-05_decay0.99_modefrozen_temp1e-05_ent0_cand100_contr0.01_seed2,None,2
True,True,genome,2048,32,10,[2 3 4],9,50,100,1e-5,1e-5,1e-5,frozen,genome_complex_batch,oracle_adaptation,20,1e-4,1e-2,10,100,50,0.25,1e-5,0.1,True,0.99,0,0.01,cosine,None,None,20260927_0053_bs32_vocab10_repr2048_msg_len4_msg_len_tt4_lr1_1e-05_lr2a_1e-05_lr2b_1e-05_decay0.99_modefrozen_temp1e-05_ent0_cand100_contr0.01_seed3,None,3
True,True,genome,2048,32,10,[2 3 4],10,50,100,1e-5,1e-5,1e-5,frozen,genome_complex_batch,oracle_adaptation,20,1e-4,1e-2,10,100,50,0.25,1e-5,0.2,True,0.99,0,0.01,cosine,None,None,20260927_0116_bs32_vocab10_repr2048_msg_len4_msg_len_tt4_lr1_1e-05_lr2a_1e-05_lr2b_1e-05_decay0.99_modefrozen_temp1e-05_ent0_cand100_contr0.01_seed1,None,1
True,True,genome,2048,32,10,[2 3 4],10,50,100,1e-5,1e-5,1e-5,frozen,genome_complex_batch,oracle_adaptation,20,1e-4,1e-2,10,100,50,0.25,1e-5,0.1,True,0.99,0,0.01,cosine,None,None,20260927_0031_bs32_vocab10_repr2048_msg_len4_msg_len_tt4_lr1_1e-05_lr2a_1e-05_lr2b_1e-05_decay0.99_modefrozen_temp1e-05_ent0_cand100_contr0.01_seed2,None,2
True,True,genome,2048,32,10,[2 3 4],10,50,100,1e-5,1e-5,1e-5,frozen,genome_complex_batch,oracle_adaptation,20,1e-4,1e-2,10,100,50,0.25,1e-5,0.1,True,0.99,0,0.01,cosine,None,None,20260927_0053_bs32_vocab10_repr2048_msg_len4_msg_len_tt4_lr1_1e-05_lr2a_1e-05_lr2b_1e-05_decay0.99_modefrozen_temp1e-05_ent0_cand100_contr0.01_seed3,None,3
True,True,genome,2048,32,10,[2 3 4],11,50,100,1e-5,1e-5,1e-5,frozen,genome_complex_batch,oracle_adaptation,20,1e-4,1e-2,10,100,50,0.25,1e-5,0.2,True,0.99,0,0.01,cosine,None,None,20260927_0116_bs32_vocab10_repr2048_msg_len4_msg_len_tt4_lr1_1e-05_lr2a_1e-05_lr2b_1e-05_decay0.99_modefrozen_temp1e-05_ent0_cand100_contr0.01_seed1,None,1
True,True,genome,2048,32,10,[2 3 4],11,50,100,1e-5,1e-5,1e-5,frozen,genome_complex_batch,oracle_adaptation,20,1e-4,1e-2,10,100,50,0.25,1e-5,0.1,True,0.99,0,0.01,cosine,None,None,20260927_0031_bs32_vocab10_repr2048_msg_len4_msg_len_tt4_lr1_1e-05_lr2a_1e-05_lr2b_1e-05_decay0.99_modefrozen_temp1e-05_ent0_cand100_contr0.01_seed2,None,2
True,True,genome,2048,32,10,[2 3 4],11,50,100,1e-5,1e-5,1e-5,frozen,genome_complex_batch,oracle_adaptation,20,1e-4,1e-2,10,100,50,0.25,1e-5,0.1,True,0.99,0,0.01,cosine,None,None,20260927_0053_bs32_vocab10_repr2048_msg_len4_msg_len_tt4_lr1_1e-05_lr2a_1e-05_lr2b_1e-05_decay0.99_modefrozen_temp1e-05_ent0_cand100_contr0.01_seed3,None,3
True,True,genome,2048,32,10,[2 3 4],12,50,100,1e-5,1e-5,1e-5,frozen,genome_complex_batch,oracle_adaptation,20,1e-4,1e-2,10,100,50,0.25,1e-5,0.2,True,0.99,0,0.01,cosine,None,None,20260927_0116_bs32_vocab10_repr2048_msg_len4_msg_len_tt4_lr1_1e-05_lr2a_1e-05_lr2b_1e-05_decay0.99_modefrozen_temp1e-05_ent0_cand100_contr0.01_seed1,None,1
True,True,genome,2048,32,10,[2 3 4],12,50,100,1e-5,1e-5,1e-5,frozen,genome_complex_batch,oracle_adaptation,20,1e-4,1e-2,10,100,50,0.25,1e-5,0.1,True,0.99,0,0.01,cosine,None,None,20260927_0031_bs32_vocab10_repr2048_msg_len4_msg_len_tt4_lr1_1e-05_lr2a_1e-05_lr2b_1e-05_decay0.99_modefrozen_temp1e-05_ent0_cand100_contr0.01_seed2,None,2
True,True,genome,2048,32,10,[2 3 4],12,50,100,1e-5,1e-5,1e-5,frozen,genome_complex_batch,oracle_adaptation,20,1e-4,1e-2,10,100,50,0.25,1e-5,0.1,True,0.99,0,0.01,cosine,None,None,20260927_0053_bs32_vocab10_repr2048_msg_len4_msg_len_tt4_lr1_1e-05_lr2a_1e-05_lr2b_1e-05_decay0.99_modefrozen_temp1e-05_ent0_cand100_contr0.01_seed3,None,3
True,True,genome,2048,32,10,[2 3 4],13,50,100,1e-5,1e-5,1e-5,frozen,genome_complex_batch,oracle_adaptation,20,1e-4,1e-2,10,100,50,0.25,1e-5,0.2,True,0.99,0,0.01,cosine,None,None,20260927_0116_bs32_vocab10_repr2048_msg_len4_msg_len_tt4_lr1_1e-05_lr2a_1e-05_lr2b_1e-05_decay0.99_modefrozen_temp1e-05_ent0_cand100_contr0.01_seed1,None,1
True,True,genome,2048,32,10,[2 3 4],13,50,100,1e-5,1e-5,1e-5,frozen,genome_complex_batch,oracle_adaptation,20,1e-4,1e-2,10,100,50,0.25,1e-5,0.1,True,0.99,0,0.01,cosine,None,None,20260927_0031_bs32_vocab10_repr2048_msg_len4_msg_len_tt4_lr1_1e-05_lr2a_1e-05_lr2b_1e-05_decay0.99_modefrozen_temp1e-05_ent0_cand100_contr0.01_seed2,None,2
True,True,genome,2048,32,10,[2 3 4],13,50,100,1e-5,1e-5,1e-5,frozen,genome_complex_batch,oracle_adaptation,20,1e-4,1e-2,10,100,50,0.25,1e-5,0.1,True,0.99,0,0.01,cosine,None,None,20260927_0053_bs32_vocab10_repr2048_msg_len4_msg_len_tt4_lr1_1e-05_lr2a_1e-05_lr2b_1e-05_decay0.99_modefrozen_temp1e-05_ent0_cand100_contr0.01_seed3,None,3
True,True,genome,2048,32,10,[2 3 4],14,50,100,1e-5,1e-5,1e-5,frozen,genome_complex_batch,oracle_adaptation,20,1e-4,1e-2,10,100,50,0.25,1e-5,0.2,True,0.99,0,0.01,cosine,None,None,20260927_0116_bs32_vocab10_repr2048_msg_len4_msg_len_tt4_lr1_1e-05_lr2a_1e-05_lr2b_1e-05_decay0.99_modefrozen_temp1e-05_ent0_cand100_contr0.01_seed1,None,1
True,True,genome,2048,32,10,[2 3 4],14,50,100,1e-5,1e-5,1e-5,frozen,genome_complex_batch,oracle_adaptation,20,1e-4,1e-2,10,100,50,0.25,1e-5,0.1,True,0.99,0,0.01,cosine,None,None,20260927_0031_bs32_vocab10_repr2048_msg_len4_msg_len_tt4_lr1_1e-05_lr2a_1e-05_lr2b_1e-05_decay0.99_modefrozen_temp1e-05_ent0_cand100_contr0.01_seed2,None,2
True,True,genome,2048,32,10,[2 3 4],14,50,100,1e-5,1e-5,1e-5,frozen,genome_complex_batch,oracle_adaptation,20,1e-4,1e-2,10,100,50,0.25,1e-5,0.1,True,0.99,0,0.01,cosine,None,None,20260927_0053_bs32_vocab10_repr2048_msg_len4_msg_len_tt4_lr1_1e-05_lr2a_1e-05_lr2b_1e-05_decay0.99_modefrozen_temp1e-05_ent0_cand100_contr0.01_seed3,None,3
True,True,genome,2048,32,10,[2 3 4],15,50,100,1e-5,1e-5,1e-5,frozen,genome_complex_batch,oracle_adaptation,20,1e-4,1e-2,10,100,50,0.25,1e-5,0.2,True,0.99,0,0.01,cosine,None,None,20260927_0116_bs32_vocab10_repr2048_msg_len4_msg_len_tt4_lr1_1e-05_lr2a_1e-05_lr2b_1e-05_decay0.99_modefrozen_temp1e-05_ent0_cand100_contr0.01_seed1,None,1
True,True,genome,2048,32,10,[2 3 4],15,50,100,1e-5,1e-5,1e-5,frozen,genome_complex_batch,oracle_adaptation,20,1e-4,1e-2,10,100,50,0.25,1e-5,0.1,True,0.99,0,0.01,cosine,None,None,20260927_0031_bs32_vocab10_repr2048_msg_len4_msg_len_tt4_lr1_1e-05_lr2a_1e-05_lr2b_1e-05_decay0.99_modefrozen_temp1e-05_ent0_cand100_contr0.01_seed2,None,2
True,True,genome,2048,32,10,[2 3 4],15,50,100,1e-5,1e-5,1e-5,frozen,genome_complex_batch,oracle_adaptation,20,1e-4,1e-2,10,100,50,0.25,1e-5,0.1,True,0.99,0,0.01,cosine,None,None,20260927_0053_bs32_vocab10_repr2048_msg_len4_msg_len_tt4_lr1_1e-05_lr2a_1e-05_lr2b_1e-05_decay0.99_modefrozen_temp1e-05_ent0_cand100_contr0.01_seed3,None,3


False,False,genome,2048,32,10,[2 3 4],4,50,50,1e-4,1e-4,1e-4,frozen,genome_complex,batch_adaptation,50,1e-5,1e-2,10,100,50,0.25,1e-5,0.1,True,0.99,0,0.01,cosine,20260926_1936_bs32_vocab10_repr2048_msg_len4_msg_len_tt4_lr1_0.0001_lr2a_0.0001_lr2b_0.0001_decay0.99_modefrozen_temp1e-05_ent0_cand100_contr0.01_seed1,None,pretrained_checkpoint_a,None,1
False,False,genome,2048,32,10,[2 3 4],4,50,50,1e-4,1e-4,1e-4,frozen,genome_complex,batch_adaptation,50,1e-5,1e-2,10,100,50,0.25,1e-5,0.1,True,0.99,0,0.01,cosine,20260926_2021_bs32_vocab10_repr2048_msg_len4_msg_len_tt4_lr1_0.0001_lr2a_0.0001_lr2b_0.0001_decay0.99_modefrozen_temp1e-05_ent0_cand100_contr0.01_seed2,None,pretrained_checkpoint_a,None,2
False,False,genome,2048,32,10,[2 3 4],4,50,50,1e-4,1e-4,1e-4,frozen,genome_complex,batch_adaptation,50,1e-5,1e-2,10,100,50,0.25,1e-5,0.1,True,0.99,0,0.01,cosine,20260926_2043_bs32_vocab10_repr2048_msg_len4_msg_len_tt4_lr1_0.0001_lr2a_0.0001_lr2b_0.0001_decay0.99_modefrozen_temp1e-05_ent0_cand100_contr0.01_seed3,None,pretrained_checkpoint_a,None,3
False,False,genome,2048,32,10,[2 3 4],5,50,50,1e-4,1e-4,1e-4,frozen,genome_complex,batch_adaptation,50,1e-5,1e-2,10,100,50,0.25,1e-5,0.1,True,0.99,0,0.01,cosine,20260926_1936_bs32_vocab10_repr2048_msg_len4_msg_len_tt4_lr1_0.0001_lr2a_0.0001_lr2b_0.0001_decay0.99_modefrozen_temp1e-05_ent0_cand100_contr0.01_seed1,None,pretrained_checkpoint_a,None,1
False,False,genome,2048,32,10,[2 3 4],5,50,50,1e-4,1e-4,1e-4,frozen,genome_complex,batch_adaptation,50,1e-5,1e-2,10,100,50,0.25,1e-5,0.1,True,0.99,0,0.01,cosine,20260926_2021_bs32_vocab10_repr2048_msg_len4_msg_len_tt4_lr1_0.0001_lr2a_0.0001_lr2b_0.0001_decay0.99_modefrozen_temp1e-05_ent0_cand100_contr0.01_seed2,None,pretrained_checkpoint_a,None,2
False,False,genome,2048,32,10,[2 3 4],5,50,50,1e-4,1e-4,1e-4,frozen,genome_complex,batch_adaptation,50,1e-5,1e-2,10,100,50,0.25,1e-5,0.1,True,0.99,0,0.01,cosine,20260926_2043_bs32_vocab10_repr2048_msg_len4_msg_len_tt4_lr1_0.0001_lr2a_0.0001_lr2b_0.0001_decay0.99_modefrozen_temp1e-05_ent0_cand100_contr0.01_seed3,None,pretrained_checkpoint_a,None,3
False,False,genome,2048,32,10,[2 3 4],6,50,50,1e-4,1e-4,1e-4,frozen,genome_complex,batch_adaptation,50,1e-5,1e-2,10,100,50,0.25,1e-5,0.1,True,0.99,0,0.01,cosine,20260926_1936_bs32_vocab10_repr2048_msg_len4_msg_len_tt4_lr1_0.0001_lr2a_0.0001_lr2b_0.0001_decay0.99_modefrozen_temp1e-05_ent0_cand100_contr0.01_seed1,None,pretrained_checkpoint_a,None,1
False,False,genome,2048,32,10,[2 3 4],6,50,50,1e-4,1e-4,1e-4,frozen,genome_complex,batch_adaptation,50,1e-5,1e-2,10,100,50,0.25,1e-5,0.1,True,0.99,0,0.01,cosine,20260926_2021_bs32_vocab10_repr2048_msg_len4_msg_len_tt4_lr1_0.0001_lr2a_0.0001_lr2b_0.0001_decay0.99_modefrozen_temp1e-05_ent0_cand100_contr0.01_seed2,None,pretrained_checkpoint_a,None,2
False,False,genome,2048,32,10,[2 3 4],6,50,50,1e-4,1e-4,1e-4,frozen,genome_complex,batch_adaptation,50,1e-5,1e-2,10,100,50,0.25,1e-5,0.1,True,0.99,0,0.01,cosine,20260926_2043_bs32_vocab10_repr2048_msg_len4_msg_len_tt4_lr1_0.0001_lr2a_0.0001_lr2b_0.0001_decay0.99_modefrozen_temp1e-05_ent0_cand100_contr0.01_seed3,None,pretrained_checkpoint_a,None,3
False,False,genome,2048,32,10,[2 3 4],7,50,50,1e-4,1e-4,1e-4,frozen,genome_complex,batch_adaptation,50,1e-5,1e-2,10,100,50,0.25,1e-5,0.1,True,0.99,0,0.01,cosine,20260926_1936_bs32_vocab10_repr2048_msg_len4_msg_len_tt4_lr1_0.0001_lr2a_0.0001_lr2b_0.0001_decay0.99_modefrozen_temp1e-05_ent0_cand100_contr0.01_seed1,None,pretrained_checkpoint_a,None,1
False,False,genome,2048,32,10,[2 3 4],7,50,50,1e-4,1e-4,1e-4,frozen,genome_complex,batch_adaptation,50,1e-5,1e-2,10,100,50,0.25,1e-5,0.1,True,0.99,0,0.01,cosine,20260926_2021_bs32_vocab10_repr2048_msg_len4_msg_len_tt4_lr1_0.0001_lr2a_0.0001_lr2b_0.0001_decay0.99_modefrozen_temp1e-05_ent0_cand100_contr0.01_seed2,None,pretrained_checkpoint_a,None,2
False,False,genome,2048,32,10,[2 3 4],7,50,50,1e-4,1e-4,1e-4,frozen,genome_complex,batch_adaptation,50,1e-5,1e-2,10,100,50,0.25,1e-5,0.1,True,0.99,0,0.01,cosine,20260926_2043_bs32_vocab10_repr2048_msg_len4_msg_len_tt4_lr1_0.0001_lr2a_0.0001_lr2b_0.0001_decay0.99_modefrozen_temp1e-05_ent0_cand100_contr0.01_seed3,None,pretrained_checkpoint_a,None,3
False,False,genome,2048,32,10,[2 3 4],8,50,50,1e-4,1e-4,1e-4,frozen,genome_complex,batch_adaptation,50,1e-5,1e-2,10,100,50,0.25,1e-5,0.1,True,0.99,0,0.01,cosine,20260926_1936_bs32_vocab10_repr2048_msg_len4_msg_len_tt4_lr1_0.0001_lr2a_0.0001_lr2b_0.0001_decay0.99_modefrozen_temp1e-05_ent0_cand100_contr0.01_seed1,None,pretrained_checkpoint_a,None,1
False,False,genome,2048,32,10,[2 3 4],8,50,50,1e-4,1e-4,1e-4,frozen,genome_complex,batch_adaptation,50,1e-5,1e-2,10,100,50,0.25,1e-5,0.1,True,0.99,0,0.01,cosine,20260926_2021_bs32_vocab10_repr2048_msg_len4_msg_len_tt4_lr1_0.0001_lr2a_0.0001_lr2b_0.0001_decay0.99_modefrozen_temp1e-05_ent0_cand100_contr0.01_seed2,None,pretrained_checkpoint_a,None,2
False,False,genome,2048,32,10,[2 3 4],8,50,50,1e-4,1e-4,1e-4,frozen,genome_complex,batch_adaptation,50,1e-5,1e-2,10,100,50,0.25,1e-5,0.1,True,0.99,0,0.01,cosine,20260926_2043_bs32_vocab10_repr2048_msg_len4_msg_len_tt4_lr1_0.0001_lr2a_0.0001_lr2b_0.0001_decay0.99_modefrozen_temp1e-05_ent0_cand100_contr0.01_seed3,None,pretrained_checkpoint_a,None,3
False,False,genome,2048,32,10,[2 3 4],9,50,50,1e-4,1e-4,1e-4,frozen,genome_complex,batch_adaptation,50,1e-5,1e-2,10,100,50,0.25,1e-5,0.1,True,0.99,0,0.01,cosine,20260926_1936_bs32_vocab10_repr2048_msg_len4_msg_len_tt4_lr1_0.0001_lr2a_0.0001_lr2b_0.0001_decay0.99_modefrozen_temp1e-05_ent0_cand100_contr0.01_seed1,None,pretrained_checkpoint_a,None,1
False,False,genome,2048,32,10,[2 3 4],9,50,50,1e-4,1e-4,1e-4,frozen,genome_complex,batch_adaptation,50,1e-5,1e-2,10,100,50,0.25,1e-5,0.1,True,0.99,0,0.01,cosine,20260926_2021_bs32_vocab10_repr2048_msg_len4_msg_len_tt4_lr1_0.0001_lr2a_0.0001_lr2b_0.0001_decay0.99_modefrozen_temp1e-05_ent0_cand100_contr0.01_seed2,None,pretrained_checkpoint_a,None,2
False,False,genome,2048,32,10,[2 3 4],9,50,50,1e-4,1e-4,1e-4,frozen,genome_complex,batch_adaptation,50,1e-5,1e-2,10,100,50,0.25,1e-5,0.1,True,0.99,0,0.01,cosine,20260926_2043_bs32_vocab10_repr2048_msg_len4_msg_len_tt4_lr1_0.0001_lr2a_0.0001_lr2b_0.0001_decay0.99_modefrozen_temp1e-05_ent0_cand100_contr0.01_seed3,None,pretrained_checkpoint_a,None,3
False,False,genome,2048,32,10,[2 3 4],10,50,50,1e-4,1e-4,1e-4,frozen,genome_complex,batch_adaptation,50,1e-5,1e-2,10,100,50,0.25,1e-5,0.1,True,0.99,0,0.01,cosine,20260926_1936_bs32_vocab10_repr2048_msg_len4_msg_len_tt4_lr1_0.0001_lr2a_0.0001_lr2b_0.0001_decay0.99_modefrozen_temp1e-05_ent0_cand100_contr0.01_seed1,None,pretrained_checkpoint_a,None,1
False,False,genome,2048,32,10,[2 3 4],10,50,50,1e-4,1e-4,1e-4,frozen,genome_complex,batch_adaptation,50,1e-5,1e-2,10,100,50,0.25,1e-5,0.1,True,0.99,0,0.01,cosine,20260926_2021_bs32_vocab10_repr2048_msg_len4_msg_len_tt4_lr1_0.0001_lr2a_0.0001_lr2b_0.0001_decay0.99_modefrozen_temp1e-05_ent0_cand100_contr0.01_seed2,None,pretrained_checkpoint_a,None,2
False,False,genome,2048,32,10,[2 3 4],10,50,50,1e-4,1e-4,1e-4,frozen,genome_complex,batch_adaptation,50,1e-5,1e-2,10,100,50,0.25,1e-5,0.1,True,0.99,0,0.01,cosine,20260926_2043_bs32_vocab10_repr2048_msg_len4_msg_len_tt4_lr1_0.0001_lr2a_0.0001_lr2b_0.0001_decay0.99_modefrozen_temp1e-05_ent0_cand100_contr0.01_seed3,None,pretrained_checkpoint_a,None,3
False,False,genome,2048,32,10,[2 3 4],11,50,50,1e-4,1e-4,1e-4,frozen,genome_complex,batch_adaptation,50,1e-5,1e-2,10,100,50,0.25,1e-5,0.1,True,0.99,0,0.01,cosine,20260926_1936_bs32_vocab10_repr2048_msg_len4_msg_len_tt4_lr1_0.0001_lr2a_0.0001_lr2b_0.0001_decay0.99_modefrozen_temp1e-05_ent0_cand100_contr0.01_seed1,None,pretrained_checkpoint_a,None,1
False,False,genome,2048,32,10,[2 3 4],11,50,50,1e-4,1e-4,1e-4,frozen,genome_complex,batch_adaptation,50,1e-5,1e-2,10,100,50,0.25,1e-5,0.1,True,0.99,0,0.01,cosine,20260926_2021_bs32_vocab10_repr2048_msg_len4_msg_len_tt4_lr1_0.0001_lr2a_0.0001_lr2b_0.0001_decay0.99_modefrozen_temp1e-05_ent0_cand100_contr0.01_seed2,None,pretrained_checkpoint_a,None,2
False,False,genome,2048,32,10,[2 3 4],11,50,50,1e-4,1e-4,1e-4,frozen,genome_complex,batch_adaptation,50,1e-5,1e-2,10,100,50,0.25,1e-5,0.1,True,0.99,0,0.01,cosine,20260926_2043_bs32_vocab10_repr2048_msg_len4_msg_len_tt4_lr1_0.0001_lr2a_0.0001_lr2b_0.0001_decay0.99_modefrozen_temp1e-05_ent0_cand100_contr0.01_seed3,None,pretrained_checkpoint_a,None,3
False,False,genome,2048,32,10,[2 3 4],12,50,50,1e-4,1e-4,1e-4,frozen,genome_complex,batch_adaptation,50,1e-5,1e-2,10,100,50,0.25,1e-5,0.1,True,0.99,0,0.01,cosine,20260926_1936_bs32_vocab10_repr2048_msg_len4_msg_len_tt4_lr1_0.0001_lr2a_0.0001_lr2b_0.0001_decay0.99_modefrozen_temp1e-05_ent0_cand100_contr0.01_seed1,None,pretrained_checkpoint_a,None,1
False,False,genome,2048,32,10,[2 3 4],12,50,50,1e-4,1e-4,1e-4,frozen,genome_complex,batch_adaptation,50,1e-5,1e-2,10,100,50,0.25,1e-5,0.1,True,0.99,0,0.01,cosine,20260926_2021_bs32_vocab10_repr2048_msg_len4_msg_len_tt4_lr1_0.0001_lr2a_0.0001_lr2b_0.0001_decay0.99_modefrozen_temp1e-05_ent0_cand100_contr0.01_seed2,None,pretrained_checkpoint_a,None,2
False,False,genome,2048,32,10,[2 3 4],12,50,50,1e-4,1e-4,1e-4,frozen,genome_complex,batch_adaptation,50,1e-5,1e-2,10,100,50,0.25,1e-5,0.1,True,0.99,0,0.01,cosine,20260926_2043_bs32_vocab10_repr2048_msg_len4_msg_len_tt4_lr1_0.0001_lr2a_0.0001_lr2b_0.0001_decay0.99_modefrozen_temp1e-05_ent0_cand100_contr0.01_seed3,None,pretrained_checkpoint_a,None,3
False,False,genome,2048,32,10,[2 3 4],13,50,50,1e-4,1e-4,1e-4,frozen,genome_complex,batch_adaptation,50,1e-5,1e-2,10,100,50,0.25,1e-5,0.1,True,0.99,0,0.01,cosine,20260926_1936_bs32_vocab10_repr2048_msg_len4_msg_len_tt4_lr1_0.0001_lr2a_0.0001_lr2b_0.0001_decay0.99_modefrozen_temp1e-05_ent0_cand100_contr0.01_seed1,None,pretrained_checkpoint_a,None,1
False,False,genome,2048,32,10,[2 3 4],13,50,50,1e-4,1e-4,1e-4,frozen,genome_complex,batch_adaptation,50,1e-5,1e-2,10,100,50,0.25,1e-5,0.1,True,0.99,0,0.01,cosine,20260926_2021_bs32_vocab10_repr2048_msg_len4_msg_len_tt4_lr1_0.0001_lr2a_0.0001_lr2b_0.0001_decay0.99_modefrozen_temp1e-05_ent0_cand100_contr0.01_seed2,None,pretrained_checkpoint_a,None,2
False,False,genome,2048,32,10,[2 3 4],13,50,50,1e-4,1e-4,1e-4,frozen,genome_complex,batch_adaptation,50,1e-5,1e-2,10,100,50,0.25,1e-5,0.1,True,0.99,0,0.01,cosine,20260926_2043_bs32_vocab10_repr2048_msg_len4_msg_len_tt4_lr1_0.0001_lr2a_0.0001_lr2b_0.0001_decay0.99_modefrozen_temp1e-05_ent0_cand100_contr0.01_seed3,None,pretrained_checkpoint_a,None,3
False,False,genome,2048,32,10,[2 3 4],14,50,50,1e-4,1e-4,1e-4,frozen,genome_complex,batch_adaptation,50,1e-5,1e-2,10,100,50,0.25,1e-5,0.1,True,0.99,0,0.01,cosine,20260926_1936_bs32_vocab10_repr2048_msg_len4_msg_len_tt4_lr1_0.0001_lr2a_0.0001_lr2b_0.0001_decay0.99_modefrozen_temp1e-05_ent0_cand100_contr0.01_seed1,None,pretrained_checkpoint_a,None,1
False,False,genome,2048,32,10,[2 3 4],14,50,50,1e-4,1e-4,1e-4,frozen,genome_complex,batch_adaptation,50,1e-5,1e-2,10,100,50,0.25,1e-5,0.1,True,0.99,0,0.01,cosine,20260926_2021_bs32_vocab10_repr2048_msg_len4_msg_len_tt4_lr1_0.0001_lr2a_0.0001_lr2b_0.0001_decay0.99_modefrozen_temp1e-05_ent0_cand100_contr0.01_seed2,None,pretrained_checkpoint_a,None,2
False,False,genome,2048,32,10,[2 3 4],14,50,50,1e-4,1e-4,1e-4,frozen,genome_complex,batch_adaptation,50,1e-5,1e-2,10,100,50,0.25,1e-5,0.1,True,0.99,0,0.01,cosine,20260926_2043_bs32_vocab10_repr2048_msg_len4_msg_len_tt4_lr1_0.0001_lr2a_0.0001_lr2b_0.0001_decay0.99_modefrozen_temp1e-05_ent0_cand100_contr0.01_seed3,None,pretrained_checkpoint_a,None,3
False,False,genome,2048,32,10,[2 3 4],15,50,50,1e-4,1e-4,1e-4,frozen,genome_complex,batch_adaptation,50,1e-5,1e-2,10,100,50,0.25,1e-5,0.1,True,0.99,0,0.01,cosine,20260926_1936_bs32_vocab10_repr2048_msg_len4_msg_len_tt4_lr1_0.0001_lr2a_0.0001_lr2b_0.0001_decay0.99_modefrozen_temp1e-05_ent0_cand100_contr0.01_seed1,None,pretrained_checkpoint_a,None,1
False,False,genome,2048,32,10,[2 3 4],15,50,50,1e-4,1e-4,1e-4,frozen,genome_complex,batch_adaptation,50,1e-5,1e-2,10,100,50,0.25,1e-5,0.1,True,0.99,0,0.01,cosine,20260926_2021_bs32_vocab10_repr2048_msg_len4_msg_len_tt4_lr1_0.0001_lr2a_0.0001_lr2b_0.0001_decay0.99_modefrozen_temp1e-05_ent0_cand100_contr0.01_seed2,None,pretrained_checkpoint_a,None,2
False,False,genome,2048,32,10,[2 3 4],15,50,50,1e-4,1e-4,1e-4,frozen,genome_complex,batch_adaptation,50,1e-5,1e-2,10,100,50,0.25,1e-5,0.1,True,0.99,0,0.01,cosine,20260926_2043_bs32_vocab10_repr2048_msg_len4_msg_len_tt4_lr1_0.0001_lr2a_0.0001_lr2b_0.0001_decay0.99_modefrozen_temp1e-05_ent0_cand100_contr0.01_seed3,None,pretrained_checkpoint_a,None,3
